Word,Frequency
"
",2316
 ,776
楼市,291
月,252
住房,249
公积金,205
房企,193
房地产,180
政策,173
市场,168
城市,152
中国,150
购房,147
北京,143
二手房,130
城,121
贷款,119
年,118
新房,112
多地,110
房贷,97
首付,93
成交,91
房贷利率,91
限购,88
调整,84
套房,82
支持,78
商品房,78
20,77
首套,76
亿元,76
租赁,75
环比,74
不,73
深圳,71
万元,71
融资,71
买房,69
家庭,69
同比,68
房价,66
销售,66
新政,65
5,63
银行,62
租房,59
超,58
广州,57
新,57
后,57
取消,56
补贴,56
4,55
降,53
下调,53
3,53
10,53
比例,52
报告,50
出台,49
改善,48
1,48
70,47
回暖,47
8,45
国家统计局,45
资金,45
有望,45
仍,44
价格,44
利率,44
万,44
上海,43
项目,43
郑州,43
楼盘,43
下降,43
发展,42
保交楼,42
一线,41
信号,41
拟,41
还,40
增长,39
已,39
住,39
降至,38
松绑,38
提取,38
2022,38
成交量,37
50,37
首,37
发布,37
投资,37
住宅,36
优化,36
影响,36
最低,36
需求,36
行业,36
全国,36
地产,36
企业,36
6,36
房,36
机构,35
7,35
贷款额度,35
30,34
前,34
供地,34
保障性,33
持续,33
过户,33
鼓励,32
9,32
回升,32
购买,32
多家,31
部门,31
提前,31
近,31
上涨,31
稳,31
回应,30
面积,30
监管,30
预售,30
80,30
12,29
模式,29
释放,29
月份,29
存量,29
宗,29
成,28
称,28
还贷,28
购房者,28
带押,28
家,28
贷,28
提高,28
2,27
消费,27
40,27
套,27
销售额,26
调控,26
交易,26
落地,26
大,26
中介,26
风险,26
南京,26
上市,26
专家,26
新建,25
土地,25
用地,25
公司,25
杭州,25
2023,24
限售,24
利好,24
百强,24
商品住宅,24
央行,24
百城,24
供应,23
河南,23
业主,23
内,23
亿,23
广东,23
推出,23
热度,23
逾,23
额度,23
再,22
需,22
交付,22
认房,22
开发,22
元,22
上半年,22
买,22
人才,22
下限,21
年内,21
申请,21
复苏,21
土拍,21
租金,21
产权,21
房产,21
四川,21
契税,21
加速,20
区域,20
认贷,20
人,20
武汉,20
下,20
降低,20
恢复,20
成都,20
天津,20
推动,19
会,19
15,19
11,19
下跌,19
规模,19
实施,19
保,19
LPR,19
计划,19
浙江,19
建部,19
预计,19
放宽,19
一季度,19
平稳,19
万套,18
信心,18
多个,18
二,18
加快,18
连续,18
子女,18
银,18
保监会,18
疫情,18
安徽,18
集团,18
去年,17
已有,17
迎,17
量,17
商品,17
最新,17
中,17
居民,17
挂牌,17
地块,17
共有,17
房屋,17
多孩,17
首次,17
海南,17
缴存,17
17,16
东莞,16
房源,16
提升,16
约,16
变化,16
更,16
企稳,16
小阳春,16
背后,16
团购,16
物业,16
增加,16
优质,16
首个,15
金融,15
写字楼,15
加大,15
三,15
经济,15
发力,15
标准,15
推进,15
促销,15
业务,15
执行,15
建设,15
试点,15
都,15
利息,15
多城,15
时代,15
登记,15
出手,15
60,15
岁,15
未,15
可贷,15
2021,15
16,14
二手,14
重点,14
空间,14
预期,14
销售价格,14
民营,14
应,14
住房贷款,14
千亿,14
进一步,14
环境,14
压力,14
落户,14
新增,14
经营,14
延期,14
小区,14
资产,14
山东,14
河北,14
出炉,13
降价,13
首付款,13
情况,13
头部,13
放松,13
热点,13
北京市,13
分化,13
一年,13
西安,13
重磅,13
减少,13
还款,13
箭,13
首批,13
再融资,13
开发商,13
时,13
调查,13
保障,13
社保,13
健康,13
受,13
三孩,13
纾,13
安置,12
跟进,12
政府,12
提供,12
观察,12
迎来,12
青年,12
下行,12
不再,12
化解,12
债务,12
整体,12
上,12
缓解,12
未来,12
两,12
房子,12
修复,12
卖房,12
现,12
二线,12
套数,12
推,12
14,12
置业,12
力度,12
不动产,12
创新,12
高,12
江苏,12
中心,12
企,12
发债,12
公摊面积,12
拍,11
看房,11
小,11
增多,11
逾期,11
地方,11
密集,11
18,11
显现,11
金九银,11
卖,11
降幅,11
万科,11
长沙,11
放开,11
好,11
恒大,11
实探,11
支付,11
大幅,11
官方,11
户籍,11
创,11
启动,11
年龄,11
100,11
门槛,11
交房,11
业绩,11
下半年,11
发放,11
全家,11
困,11
房票,10
库存,10
条,10
延续,10
低,10
却,10
低于,10
升温,10
出让,10
省会,10
参考价,10
REITs,10
只,10
平均,10
筹集,10
钱,10
总体,10
作,10
两成,10
上限,10
下滑,10
价,10
商业地产,10
公寓,10
合肥,10
200,10
措施,10
万亿,10
优惠,10
城区,10
春节,10
建筑,10
指标,10
改造,10
年底,10
425,10
金额,9
涨,9
周期,9
卖地,9
公布,9
房租,9
管理,9
关键,9
趋势,9
京沪,9
业内,9
每月,9
工作,9
明年,9
均,9
关注,9
性,9
合同,9
潮,9
十,9
提振,9
促,9
地区,9
碧桂园,9
涨幅,9
数据,9
现房,9
总,9
证监会,9
找房,9
41,9
抢,9
次,9
国企,9
转型,9
稳定,9
豪宅,9
服务,9
活跃度,9
放款,9
一个,9
增,9
再现,9
条件,9
余额,9
难,9
百亿,9
延长,9
期限,9
做,9
一地,9
江西,9
家房,9
个人住房,9
万亿元,9
新低,9
重庆,9
盘活,9
总额,9
规范,9
专项,9
累计,9
换房,9
精准,8
加码,8
信息,8
高峰,8
跌,8
25,8
满,8
中介费,8
基金,8
四季度,8
走势,8
看,8
微涨,8
降息,8
实行,8
哈尔滨,8
开启,8
网签,8
年期,8
第二批,8
到底,8
有人,8
披露,8
指数,8
重组,8
A股,8
买家,8
收入,8
正,8
发文,8
老旧,8
走,8
摇号,8
期间,8
倍,8
叫停,8
宅地,8
开工,8
办理,8
领域,8
存量房,8
可享,8
年度,8
承压,8
并购,8
总价,8
父母,8
复工,8
扩容,8
融创,8
龙湖,8
筑底,8
苏州,8
毕业,8
阶段性,8
债,8
主力,8
湖南,8
一人,8
职工,8
市民,7
置换,7
降势,7
几何,7
四成,7
会议,7
集体,7
客户,7
用于,7
烂尾楼,7
广深,7
日起,7
爱,7
我家,7
至少,7
买卖,7
税,7
海口,7
供,7
湖北,7
施策,7
落实,7
变,7
展期,7
第三支,7
溢价,7
年轻人,7
方案,7
快,7
收窄,7
新高,7
五成,7
反弹,7
低位,7
公顷,7
涨价,7
市,7
无锡,7
一房,7
农民,7
上浮,7
即可,7
美国,7
十年,7
八成,7
升级,7
两个,7
刚需,7
接力,7
线上,7
非,7
资格,7
完善,7
宁波,7
券,7
三季度,7
青岛,7
板块,7
债券,7
涉房,7
出,7
达,7
许家,7
投放,7
陷阱,7
解决,7
宗地,7
端,7
收金,7
借款,7
商贷,7
90,7
廊坊,7
态势,7
帮,7
泰禾,7
减免,7
首轮,7
收官,6
空置率,6
走低,6
最,6
松动,6
周末,6
购,6
中央,6
打折,6
表态,6
供需,6
三个,6
二套,6
高质量,6
效果,6
第二支,6
七成,6
重启,6
质疑,6
零,6
鹤岗,6
核心,6
备案,6
认定,6
送,6
突破,6
方式,6
增信,6
有何,6
北上,6
万平方米,6
因城,6
率先,6
改革,6
回落,6
制度,6
22,6
降温,6
五一,6
假期,6
冷热,6
业界,6
谨慎,6
预约,6
按揭,6
获,6
十四五,6
放大,6
半年,6
37,6
警惕,6
选择,6
占,6
长租,6
做好,6
带,6
现象,6
套间,6
双,6
全球,6
呈,6
短期,6
房地产业,6
助力,6
引导,6
广西,6
数量,6
年来,6
资本,6
济南,6
齐发,6
印,6
起始,6
活动,6
股权,6
跑,6
租,6
予以,6
500,6
金融机构,6
奖励,6
处置,6
地铁,6
季,6
流动性,6
46,6
情绪,6
条例,6
发行,6
给予,6
沈阳,6
烂尾,6
成本,6
1000,6
天,6
质量,6
环京,6
停贷,6
二孩,6
年报,6
效应,5
城市更新,5
多重,5
2024,5
出售,5
平米,5
售楼处,5
出新招,5
三大,5
曾,5
无,5
成绩单,5
类,5
预,5
两地,5
型,5
转跌,5
刚性,5
构建,5
间,5
通知,5
套路,5
举措,5
主席,5
组合拳,5
止跌,5
持平,5
19,5
转贷,5
满月,5
推广,5
立法,5
一二三,5
线均,5
施行,5
能省,5
调,5
解读,5
引,5
活跃,5
走出,5
中山,5
发声,5
山西,5
半年报,5
意愿,5
四大,5
稳步,5
强制,5
高位,5
13,5
相关,5
定增,5
入市,5
热,5
股票,5
2000,5
均值,5
费用,5
销售量,5
主流,5
低至,5
仅,5
受访,5
夫妻,5
跌幅,5
居住,5
推行,5
配套,5
27,5
安居,5
温和,5
确保,5
提速,5
大涨,5
暖风,5
35,5
难求,5
通道,5
开年,5
防范,5
进城,5
最快,5
区,5
划算,5
常州,5
账户,5
第一,5
38,5
43,5
少,5
建局,5
暖意,5
0,5
炒,5
85,5
五年,5
线,5
一手,5
活力,5
动态,5
作用,5
到期,5
多项,5
售价,5
土地出让,5
负债表,5
窗口期,5
说,5
即交证,5
省,5
双降,5
宗涉,5
宅,5
建议,5
佛山,5
南通,5
股份,5
缴纳,5
缩水,5
一半,5
月底,5
限额,5
信用,5
规划,5
厦门,5
暂停,5
分期,5
异地,5
拍卖,5
毕业生,5
36,5
联合,5
提至,5
鄂尔多斯,5
人员,5
二孩三孩,5
换购,5
招,5
享受,5
第三批,5
花式,5
福州,5
好转,5
56,5
片区,5
正式,5
干预,5
纳入,5
28,5
二次,5
违约,5
停牌,5
会否,4
去,4
全,4
甲级,4
指导,4
六成,4
探访,4
签约,4
24,4
小时,4
引发,4
可控,4
卷,4
新一轮,4
消息,4
各线,4
依然,4
110,4
偿还,4
境外,4
网传,4
别墅,4
转,4
郁亮,4
动力,4
创始人,4
文件,4
售房,4
一套,4
调降,4
官宣,4
三亚,4
运行,4
政策措施,4
广告,4
罚,4
期待,4
百万,4
先,4
真,4
第一枪,4
违规,4
昔日,4
65,4
底线,4
并举,4
全年,4
300,4
两年,4
限制性,4
率,4
产业,4
惠及,4
细则,4
45,4
超过,4
出险,4
偿债,4
拉动,4
发挥,4
系,4
装修,4
第二轮,4
赚,4
来临,4
收,4
不均,4
营收,4
统一,4
走向,4
全域,4
迹象,4
想,4
水平,4
房企拿地,4
起诉,4
意见,4
目标,4
逻辑,4
客,4
没,4
征收,4
办公楼,4
自建房,4
戴德,4
梁行,4
单月,4
国际,4
致,4
多久,4
深夜,4
重回,4
徐州,4
57,4
甘肃,4
建厅,4
共,4
商业银行,4
保证金,4
民生,4
信贷,4
到来,4
女儿,4
结束,4
大宗,4
行情,4
排队,4
这一,4
养老,4
征求意见,4
新盘,4
网,4
签量,4
或成,4
版,4
法院,4
领跑,4
三四,4
指,4
返乡,4
冷,4
去化,4
绿色,4
二孩及,4
出招,4
好时机,4
纠纷,4
维权,4
区间,4
城镇,4
55,4
暖,4
工具,4
购房人,4
26,4
上调,4
授信,4
财政,4
定调,4
全市,4
发,4
高端,4
能力,4
减半,4
批次,4
宽松,4
还债,4
法,4
强,4
外地人,4
入局,4
地产股,4
保外,4
海外,4
日,4
频出,4
风波,4
腰斩,4
阶段,4
亏损,4
趋稳,4
境内,4
困难,4
配建,4
人口,4
起拍价,4
上演,4
配租,4
余地,4
电梯,4
趋缓,4
陕西,4
法拍房,4
近期,4
可提,4
逆势,4
大连,4
昆明,4
今起,4
揽,4
低迷,4
生育,4
新规,4
人群,4
涉及,4
二季度,4
浮动,4
人士,4
高层次,4
缴,4
整治,4
内蒙古,4
福建,4
海,4
拼,4
有待,4
遭,4
平方米,4
财政补贴,4
商业,4
大户,4
均价,4
学区,4
盈利,4
抵押,4
小麦,4
证明,4
翘尾,3
激发,3
覆盖,3
清单,3
洗牌,3
定价,3
惠州,3
折,3
刺激,3
理由,3
退房,3
绍兴,3
竣工,3
六大,3
预算,3
战略,3
确认,3
这家,3
建,3
权威,3
探索,3
指导价,3
冲刺,3
谱,3
开闸,3
长,3
房交会,3
限价,3
紧急,3
支撑,3
21,3
居,3
明码标价,3
报价,3
吉林,3
四大行,3
更好,3
一个月,3
31,3
首日,3
不用,3
建行,3
受理,3
违法,3
小幅,3
波动,3
成效,3
香港,3
住建,3
收费,3
央企,3
处于,3
十六条,3
商铺,3
400,3
财报,3
复牌,3
度,3
显效,3
临深,3
每人,3
门店,3
乱象,3
率超,3
29,3
鹤壁,3
积分,3
董事长,3
加持,3
折扣,3
花,3
女性,3
放,3
期,3
优先,3
我国,3
棚改,3
135,3
底部,3
个数,3
房东,3
操作,3
获赔,3
盼,3
尽快,3
理性,3
58,3
完,3
补偿,3
同步,3
经营性,3
力,3
51,3
号,3
万人,3
市场份额,3
秒,3
无人,3
收房,3
冲击,3
总量,3
谈,3
筹建,3
年限,3
近十年,3
此前,3
建委,3
工程,3
虚假,3
明显改善,3
接任,3
接棒,3
退休,3
义乌,3
买房人,3
两次,3
成交价,3
澄清,3
究竟,3
专业,3
闲置,3
教育,3
火速,3
让利,3
营销,3
炒作,3
渐显,3
经济日报,3
改变,3
体系,3
周边,3
扩张,3
滨江,3
建发,3
动能,3
圈,3
最长,3
首现,3
工作人员,3
三年,3
金融服务,3
周,3
离婚,3
看量,3
当地,3
广西南宁,3
延至,3
翻倍,3
转移,3
东北,3
汽车,3
三成,3
预亏,3
跌破,3
调整机制,3
潮来,3
每平米,3
坚挺,3
真的,3
频现,3
华润,3
权益,3
交楼,3
三线,3
热门,3
游,3
激活,3
年末,3
调研,3
再迎,3
39,3
建立,3
5000,3
建成,3
居首,3
时期,3
适度,3
投靠,3
第四,3
竞争,3
咨询,3
GDP,3
一笔,3
第五批,3
消费者,3
遏制,3
付,3
第四批,3
67,3
投资者,3
亿美元,3
穿越,3
富力,3
街道,3
贵州,3
贷款额,3
房企获,3
三箭,3
进展,3
米,3
AMC,3
家装,3
千万,3
新动向,3
助,3
参与,3
告别,3
礼包,3
项,3
上市公司,3
国务院,3
依法,3
各类,3
易纲,3
频频,3
新购,3
2020,3
字头,3
公证,3
选房,3
走高,3
大中城市,3
保函,3
民企,3
数字,3
人民币,3
通州,3
大学生,3
二房东,3
边际,3
从业者,3
衢州,3
单位,3
成团,3
针对,3
吴,3
亚军,3
破,3
全款,3
网友,3
临港,3
布局,3
商业贷款,3
涉,3
印发,3
国庆,3
换成,3
湛江,3
每户,3
馅饼,3
助推,3
停工,3
公告,3
自有,3
试行,3
唯一,3
86,3
盘,3
2025,3
仍处,3
74,3
外,3
零首付,3
省钱,3
净利润,3
丽水,3
全额,3
绩,3
企中,3
法拍,3
公,3
触底,3
积极性,3
未能,3
眉山,3
元起,3
票据,3
原因,3
公开,3
首创,3
示范,3
公职人员,3
控股,3
宣传,3
电费,3
燕郊,3
成交额,3
南昌,3
大理,3
半价,3
名单,3
房展会,3
　,3
事件,3
青海,3
预发,3
ST,3
运营,3
建房,3
国家,3
净,3
港,3
144,3
大蒜,3
西瓜,3
水蜜桃,3
价值,3
房款,3
辆,3
名义,3
改,3
二成,3
珠海,3
山西太原,3
无需,3
按期,3
建业,3
赣州,3
净利,3
毛利率,3
局部,2
新出路,2
幅度,2
封闭,2
重,2
将会,2
入住,2
将成,2
海景房,2
增强,2
当晚,2
差别化,2
信贷政策,2
天无,2
房企前,2
老,2
不满,2
房企可,2
两端,2
财政部,2
公共,2
结构性,2
博弈,2
白名单,2
限,2
900,2
领涨,2
晒,2
合作,2
性需求,2
较大,2
访谈,2
丨,2
房屋买卖,2
2014,2
松,2
下架,2
补,2
有利于,2
要来,2
发力点,2
打头阵,2
大规模,2
认商贷,2
高价,2
解约,2
深,2
公募,2
以旧换新,2
翻,2
一批,2
叠加,2
破产,2
保护,2
百分点,2
董事会,2
稳中,2
坚实,2
生意,2
提示,2
显示,2
见效,2
超大,2
本市,2
深会,2
雄安,2
转折,2
42,2
表现,2
品牌,2
代建,2
有涨,2
多城官,2
批量,2
体现,2
当日,2
生效,2
细节,2
一揽子,2
800,2
驱动力,2
贝壳,2
安居乐业,2
金白银,2
僵局,2
打响,2
嘉兴,2
趋于稳定,2
立案,2
两家,2
退市,2
看待,2
变局,2
发生,2
来看,2
楼宇,2
连降,2
部长,2
顺义,2
遇冷,2
公示,2
市场化,2
议价空间,2
要降,2
79,2
城乡,2
拆,2
转涨,2
亿平方米,2
打出,2
连发,2
引入,2
每平方米,2
高温,2
五,2
连涨,2
黑马,2
聚焦,2
优势,2
常态,2
协同,2
升至,2
一块,2
破题,2
大亚湾,2
房管局,2
误读,2
杀入,2
打新,2
认购,2
躺,2
一日,2
律师,2
提醒,2
已有近,2
自信,2
经纪,2
淄博,2
假,2
第二,2
多远,2
平淡,2
核心区,2
底价,2
关系,2
意味着,2
何方,2
一区,2
走稳,2
担忧,2
九成,2
创近,2
时隔,2
房主,2
万宗,2
实为,2
170,2
同城,2
交,2
全面推广,2
百余,2
拟供,2
李,2
如今,2
大厂,2
吹,2
十余,2
待售,2
1600,2
抢收,2
力量,2
留住,2
难产,2
赔偿,2
收不到,2
亮相,2
优居,2
驻马店,2
飙升,2
办公,2
科技,2
收缩,2
权证,2
两会,2
势头,2
外墙,2
算,2
建筑面积,2
公摊,2
房率,2
上扬,2
力推,2
交班,2
借款人,2
辞任,2
建材,2
配售,2
不动,2
前期,2
省市,2
千人,2
事关,2
真实情况,2
通勤,2
缩短,2
84,2
冷静,2
出租率,2
转向,2
三类,2
特定,2
用房,2
抓,2
退,2
委托,2
解,2
按兵不动,2
等待,2
多月,2
设施,2
招聘,2
对象,2
协议,2
曲线,2
明,2
初现,2
自贸港,2
轨道,2
南宁,2
百岁,2
寻找,2
迈入,2
签,2
老人,2
大型,2
并非,2
周口,2
家具,2
缩小,2
中消协,2
证券化,2
账,2
最高值,2
海南省,2
潮下,2
可延长,2
劝退,2
打工,2
一手交钱,2
挂牌价,2
硬,2
亚太区,2
快速,2
折射,2
哈市,2
哈购,2
全面推行,2
呈现,2
面临,2
数月,2
扎堆,2
值不值,2
经纪人,2
指定,2
家电,2
亚洲,2
渐成,2
近三成,2
国资,2
尴尬,2
探底,2
时机,2
不减,2
开局,2
宜昌,2
高频,2
高层,2
加,2
大省,2
开盘,2
售罄,2
接受,2
拥抱,2
首都,2
平稳过渡,2
倪,2
鹏飞,2
新开工,2
万个,2
47,2
城中,2
价格下降,2
见,2
忙,2
研究,2
金融部门,2
状况,2
攀升,2
慢,2
三支,2
回归,2
别人,2
群体,2
54,2
百姓,2
宜居,2
基数,2
31884,2
尚待,2
住房价格,2
挂钩,2
大佬,2
利率政策,2
余家,2
六安,2
解码,2
出让金,2
多套,2
世茂,2
越秀,2
事项,2
租住,2
成年,2
单独,2
款,2
稳字,2
当头,2
房多地,2
产品,2
已现,2
用作,2
可不,2
计入,2
动作,2
重塑,2
展开,2
评估价,2
即将,2
普降,2
股价,2
成屋,2
房市,2
六日,2
流入,2
不法,2
130,2
防,2
580,2
债待偿,2
真相,2
出面,2
广州市,2
再度,2
行贿,2
把握,2
解除,2
小步,2
免费,2
增至,2
组织,2
自行,2
次数,2
横盘,2
顶格,2
区域性,2
高楼,2
厦门市,2
收购,2
级,2
沟通,2
意向,2
首单,2
九江,2
看好,2
跃跃欲试,2
调低,2
价款,2
上车,2
多大,2
一买,2
热情,2
频吹,2
全国性,2
特价,2
房等,2
常务会议,2
自主,2
配合,2
评价,2
历史,2
仍存,2
易会,2
一城,2
工具箱,2
全面落实,2
低点,2
116,2
面向,2
公里,2
排序,2
价格上涨,2
供暖,2
161,2
热议,2
不超,2
有助,2
第三方,2
黄金,2
困房,2
金,2
债市,2
注入,2
半月,2
多维度,2
优惠政策,2
潜在,2
增速,2
源,2
繁荣,2
场景,2
引流,2
仲量,2
联行,2
买卖合同,2
朝阳,2
出租人,2
停电,2
老牌,2
公司债,2
120,2
十个月,2
缓慢,2
泰安,2
纷纷,2
景气,2
白菜,2
灵活,2
就业,2
月租金,2
退税,2
信托,2
倾斜,2
中票,2
巨头,2
外资,2
跌势,2
分,2
城首,2
异动,2
52,2
凯德,2
博瑞,2
大厦,2
石家庄,2
四,2
76,2
第三轮,2
创业,2
保定,2
新城,2
洛阳,2
来宾,2
回购,2
坑,2
479,2
减轻,2
提,2
黄金周,2
分担,2
银十,2
改建,2
群众,2
两天,2
再次,2
速度,2
符合,2
成功,2
106,2
164,2
特大城市,2
户,2
办,2
商转公,2
连环,2
首笔,2
到位,2
单,2
押,2
平台,2
城低,2
410,2
网红,2
成色,2
郑州市,2
遇阻,2
增购,2
捆绑,2
现场,2
缺位,2
3000,2
补助,2
制定,2
太原,2
督促,2
通知书,2
自救,2
方向,2
襄阳,2
210,2
高新区,2
105,2
园,2
加速度,2
结清,2
重中之重,2
06,2
只涨,2
江湖,2
力争,2
县,2
申报,2
盒,2
房企未,2
按时,2
成立,2
撬动,2
多方,2
兑现,2
本地,2
贵阳,2
宁夏,2
银川,2
最严,2
长三角,2
捡,2
巨亏,2
担保,2
中期,2
非对称,2
可省,2
以租,2
围观,2
泉州,2
接管,2
138,2
收紧,2
渠道,2
曝光,2
安徽省,2
泗县,2
半日,2
发动,2
亲友,2
61,2
泛海,2
旗下,2
司法,2
足,2
率创,2
值得,2
288,2
见底,2
安居房,2
收取,2
加收,2
服务费,2
无奈,2
内地,2
商票,2
门首,2
160,2
注册,2
罕见,2
房住,2
去世,2
水,2
手段,2
无房,2
掉,2
举办,2
夏季,2
购首,2
首贷,2
自愿,2
二期,2
员工,2
惠民,2
衡水,2
资金面,2
县城,2
出奇,2
水气,2
公务员,2
温州,2
泸州,2
家居,2
停止,2
赔,2
玻璃,2
裸泳,2
房地产商,2
现形,2
牵出,2
广珠,2
放贷,2
交易市场,2
遂宁,2
制,2
原价,2
另一半,2
再创,2
二轮,2
流拍,2
金近,2
万达,2
完工,2
责任,2
抬头,2
噱头,2
佳兆业,2
停供,2
节能,2
减碳,2
断供,2
学历,2
发改委,2
诱惑,2
吸纳,2
还清,2
转为,2
微降,2
申请人,2
唐山,2
装配式,2
间隔,2
徘徊,2
红盘,2
460,2
郑,2
美好,2
节,2
多年,2
办证,2
济源,2
删除,2
漳州,2
开放,2
安全隐患,2
良性循环,2
美元,2
捡漏,2
终止,2
烟台,2
烂,2
元月,2
可帮,2
日本,2
困境,2
迎破局,2
仍待,2
蚌埠,2
罚息,2
宾利,2
车位,2
第二次,2
可缓,2
缓缴,2
雅安,2
违反,2
防疫,2
储粮,2
建筑行业,2
余城,2
华,2
日均,2
诱骗,2
包头,2
持,2
增收,2
增利,2
44,2
承租人,2
办学,2
强劲,2
龙头,2
预盈变,2
未现,2
为首,2
物企,2
227,2
延迟,2
原,2
死灰复燃,2
一日游,2
兰州,2
87,2
307,2
刊发,2
草案,2
开出,1
首张,1
鲶鱼,1
同级,1
开年首,1
火热,1
赋予,1
使命,1
两轮,1
复制,1
经验,1
降租,1
揽客,1
洪峰,1
只能,1
挂,1
李宇嘉,1
跟随,1
新年,1
好消息,1
保万中,1
居前,1
分类,1
破局,1
严省,1
打补丁,1
佣金,1
寒潮,1
随意,1
选,1
万可买,1
入门级,1
客买,1
到访,1
记者,1
59,1
以价,1
换量,1
意义,1
喜迎,1
千万级,1
打烊,1
七八百,1
抵,1
柯桥区,1
引领,1
行列,1
退货,1
出让方,1
可收回,1
使用权,1
市场经济,1
售房款,1
安全阀,1
不容,1
乱,1
拧,1
环节,1
再受,1
分档,1
带来,1
品质,1
争夺,1
荣枯线,1
监管部门,1
房企称,1
尚,1
调普宅,1
两大,1
地价,1
用时,1
涨跌互现,1
川渝住,1
78,1
适时,1
新收,1
一审,1
纠纷案件,1
紧,1
箭助,1
再传,1
尚未,1
差价,1
只能靠,1
利益,1
绑架,1
中首,1
提房票,1
带动,1
突破点,1
稀缺,1
地商,1
转公,1
推房票,1
铺开,1
受益,1
签合同,1
后假,1
压价,1
托管,1
百亿元,1
主体,1
需重筑,1
护城河,1
三四倍,1
开单,1
不愁,1
白菜价,1
春秋季,1
四个,1
尾声,1
073,1
向上,1
效力,1
父女,1
离境,1
声明,1
75,1
翻新,1
首位,1
网络,1
直播,1
售楼,1
一标,1
长假,1
组团,1
前夜,1
退热,1
省下,1
两万多,1
经住,1
转让,1
新区,1
余,1
3455,1
暂缓,1
何种,1
积极探索,1
销售市场,1
趋于,1
76900,1
宣,1
砝码,1
媳妇,1
能调,1
尽调,1
一调,1
思路,1
十大,1
新举措,1
赋能,1
半夜,1
签字,1
刷卡,1
爆,1
供降,1
多元,1
瞩目,1
换挡,1
通宵,1
赶上,1
大雨,1
攻略,1
江门,1
840,1
82,1
即日起,1
宜早,1
不宜,1
迟,1
下足,1
功夫,1
阔别,1
恒大复牌,1
跌近,1
交易额,1
1633,1
317,1
因涉嫌,1
价成,1
焦点,1
146,1
一周年,1
筑,1
底盘,1
整,1
深耕,1
165,1
金地,1
商置,1
越来越近,1
登记量,1
西红门,1
北京房产,1
172,1
同频,1
共振,1
路径,1
客服,1
58550,1
建设部,1
留改,1
大招,1
购物中心,1
知名,1
亏了,1
三份,1
交易量,1
战投,1
倒挂,1
二环,1
内神盘,1
亿万富豪,1
1428,1
需增,1
价转,1
风口,1
底色,1
资历,1
不深,1
来头不小,1
杀,1
疯,1
对话,1
及待,1
改进,1
处,1
暗藏,1
面,1
1500,1
多万,1
化重,1
摘牌,1
蓝光,1
房企走,1
边缘,1
老板,1
将筑底,1
看涨,1
管热,1
管冷,1
推波,1
凉意,1
加重,1
深陷,1
清盘,1
拉锯战,1
乘数,1
48,1
毛坯,1
纺织业,1
大亨,1
扫货,1
新格局,1
高涨,1
667,1
共涉,1
5689,1
918,1
骤降,1
成家,1
671,1
属实,1
当事人,1
买到,1
两千万,1
凑,1
沪,1
潜藏,1
代持,1
搜,1
谢勇,1
AI,1
模型,1
35514,1
十万,1
买八,1
真实,1
境况,1
研讨,1
标的,1
费率,1
独立,1
727,1
感情,1
中会,1
旺,1
小哥,1
难得,1
波,1
流量,1
入学,1
房可,1
租购,1
同权,1
却成,1
赢家,1
数十家,1
房企抢,1
地非,1
多以,1
1482,1
全面实现,1
退场,1
住宅小区,1
余城首,1
外地,1
柴强,1
已过,1
可持续性,1
应聘,1
坐地,1
起价,1
归来,1
积压,1
遭遇,1
甲醛,1
超标,1
采纳,1
公众,1
玩花样,1
垫资,1
骗取,1
托举,1
看清,1
老总,1
两旺,1
中房,1
企预判,1
可买,1
应交,1
尽交能,1
交快,1
多城首,1
行至,1
集体土地,1
征地,1
搬迁,1
首季,1
天花板,1
下有,1
93,1
273,1
长江,1
组织变革,1
实现目标,1
169,1
小升,1
别想,1
赚大钱,1
跌去,1
搬家,1
首降,1
强势,1
大厅,1
狭义,1
仍够,1
高速,1
点状,1
见涨,1
自降,1
身价,1
鲜有,1
问津,1
同现,1
推货,1
475,1
旧房,1
换,1
原有,1
时限,1
触发,1
三股,1
助一,1
二月,1
两月,1
较为,1
查,1
一查,1
准用,1
可取,1
现见底,1
金融风险,1
和悦,1
华锦,1
房本,1
无钱,1
追索,1
违约金,1
酒泉,1
奖补,1
揭阳,1
卖掉,1
尾款,1
失踪,1
避雷,1
领证,1
8200,1
浙江省,1
厅长,1
以住,1
精神,1
谱写,1
建设者,1
之歌,1
深汕,1
代表,1
委员,1
话,1
解忧,1
居之虑,1
更为,1
条稳,1
远程,1
遭受,1
出钱,1
来修,1
收回,1
因人而异,1
房企定,1
3203,1
901,1
倪虹,1
充满信心,1
售期,1
翻一番,1
国民,1
速递,1
马建堂,1
7000,1
响应,1
共富,1
80000,1
分配,1
活跃性,1
玩起,1
返点,1
技术性,1
回涨,1
杨,1
老杨,1
赔了夫人又折兵,1
七连跌,1
近万宗,1
董事,1
杨国强,1
杨惠妍,1
可期,1
暖流,1
涌动,1
房千人,1
扑面而来,1
八条,1
有变,1
申购,1
直观,1
可付,1
450,1
万宁,1
列,1
盛况,1
爆发式,1
理财,1
热点问题,1
稿,1
后终,1
3830,1
城已,1
涉嫌,1
职场,1
重视,1
幸福感,1
调回,1
称未,1
接到,1
开年以来,1
272,1
率达,1
528,1
花样翻新,1
连心,1
贷变,1
心债,1
亲属,1
可行,1
终身,1
光,1
万张,1
雪峰,1
农民工,1
返城,1
施工进度,1
2638,1
承诺,1
定金,1
房出租,1
更优,1
医疗,1
关注点,1
资质,1
审核,1
方可,1
招兵买马,1
退伍军人,1
宝妈,1
扰乱,1
查处,1
巴塞尔,1
III,1
一族,1
添,1
狂飙,1
借机,1
前置,1
124,1
收益,1
判,1
返还,1
刊文,1
竟有,1
好事儿,1
一业,1
独,1
23,1
宗拟,1
位于,1
站点,1
释出,1
讯息,1
作风,1
乍起,1
零售商,1
火拼,1
保利,1
华发,1
前十,1
TOP10,1
多卖,1
贷款风险,1
堵,1
贷出,1
可达,1
暗涌,1
摸底,1
周岁,1
看法,1
各异,1
便利,1
勿忘,1
链家,1
随心,1
签率,1
涨回来,1
只用,1
一周,1
继,1
消保委,1
点名,1
样板间,1
成交率,1
熬过,1
一版,1
文章,1
贷假,1
要算,1
录得,1
管理局,1
曝,1
岁利大,1
弊大,1
显,1
离世,1
降低利率,1
税费,1
多省,1
岁别,1
理解,1
错,1
最敢,1
出新规,1
贴息贷款,1
排长队,1
深意,1
剑,1
预案,1
募集,1
150,1
万省,1
确有其事,1
103,1
三地,1
划,1
读懂,1
老城,1
六市,1
掀,1
符合条件,1
度假,1
房市场,1
爆发,1
春运,1
火车票,1
井喷,1
要变,1
居民家庭,1
北热南,1
加点,1
站岗,1
大多,1
需等,1
双涨,1
商户,1
抬升,1
173,1
揭开,1
京城,1
销冠,1
秘籍,1
迎变,1
预告,1
熄火,1
66,1
绩剧,1
透,1
预喜,1
8308,1
迅猛,1
地额,1
淡出,1
囊中羞涩,1
房陷,1
境地,1
比发,1
族,1
兔年,1
不振,1
十强,1
座次,1
大变局,1
今年以来,1
积蓄,1
有的放矢,1
省出,1
手提,1
振,1
业内人士,1
筛选,1
百家,1
本土,1
入选,1
凸显,1
逆市,1
金三,1
调整期,1
增超,1
一地购,1
固化,1
没热,1
排满,1
力促,1
循环,1
投资规模,1
尝试,1
2225,1
潮流,1
未变,1
持稳,1
流转,1
多多,1
经历,1
深度,1
接近,1
53,1
市场价,1
人事,1
换防,1
旭辉,1
架构,1
中海,1
城建,1
深层,1
企仅,1
逆袭,1
领先,1
广,1
四档,1
头上,1
紧箍咒,1
松一松,1
金观平,1
半个,1
几项,1
约定,1
连廊,1
一堵,1
墙,1
走访,1
阳康后,1
户型,1
更大,1
标配,1
资产负债,1
上旬,1
零售,1
蓄势,1
四措,1
疗养,1
巴西,1
616,1
抓住,1
撒气,1
部委,1
天假,1
慕,1
渐重,1
体验,1
需谨慎,1
关键点,1
月余,1
大单,1
涌现,1
银行业,1
已超,1
去往,1
强化,1
防控,1
财政预算,1
2320,1
大力支持,1
八十,1
新品,1
并驾齐驱,1
元旦,1
稳住,1
城可,1
城商贷,1
发言,1
道,1
玄机,1
买卖双方,1
退烧,1
大跌,1
西安市,1
5805,1
柳州,1
实力,1
1281,1
万方,1
金科,1
硬核,1
大降,1
起色,1
稳健,1
一位,1
元旦假期,1
谈单,1
413,1
现近,1
9500,1
已售,1
切实可行,1
战绩,1
过热,1
妨碍,1
助阵,1
算算,1
全程,1
网办,1
成风,1
少卖,1
房企从,1
家降,1
入户,1
很多,1
变少,1
两极分化,1
紧凑型,1
畅销,1
走过,1
坎坷,1
曙光,1
需谱,1
四部曲,1
收金约,1
历下区,1
激烈,1
千条,1
储户,1
打算,1
渐变,1
零深,1
莞惠,1
股债,1
多措,1
一座,1
筹钱,1
下个月,1
量大增,1
赠,1
事后,1
反悔,1
工业用地,1
8077,1
投机性,1
最高人民法院,1
妥善处理,1
合同纠纷,1
便民,1
暖企,1
十二条,1
家银企,1
继承,1
东莞市,1
主旋律,1
紧锣密鼓,1
清,1
格局,1
保险,1
一家,1
抛出,1
支柱产业,1
地位,1
孰低,1
原则,1
一成,1
留,1
不需,1
基点,1
还会,1
加剧,1
四度,1
提及,1
落空,1
人民,1
时评,1
禁止,1
链断裂,1
诱导,1
劝,1
隐藏,1
高额,1
市长,1
实质性,1
95,1
推销,1
添油加醋,1
提高警惕,1
亮眼,1
亮,1
财办,1
充分认识,1
重要性,1
潜力,1
稳是,1
贷向,1
首提,1
三保,1
朱民,1
放在,1
框架,1
论述,1
传言,1
回稳,1
站台,1
这项,1
总金额,1
1221,1
投资额,1
98,1
默认,1
一夜,1
房企内,1
门,1
止跌回升,1
不少,1
马鞍山市,1
多城土,1
拍加,1
联席,1
张力,1
保释,1
同类,1
大体,1
比望,1
铜仁,1
贵州省,1
铜仁市,1
箭射,1
出后,1
积极行动,1
位居,1
独创,1
房屋交易,1
新花样,1
背书,1
互换,1
或会,1
382,1
亿孙宏斌,1
深刻反思,1
吸取经验,1
教训,1
ESG,1
宣城,1
辖,1
综合化,1
包河区,1
包装,1
后能,1
一大笔,1
大火,1
投行,1
全力以赴,1
坦言,1
难点,1
离岸,1
以点带面,1
跨境,1
第六批,1
234,1
江汉区,1
电影,1
制片厂,1
真降,1
价趋,1
关键词,1
龙光,1
220,1
第二家,1
大额,1
感受,1
锡,1
个旧,1
接过,1
接力棒,1
四季如春,1
茅台,1
斥,1
亿拿地,1
359,1
新乡,1
易地,1
实物,1
多渠道,1
打好,1
企纾困,1
协会,1
办公室,1
来安,1
协调,1
竞相压价,1
抛售,1
导致,1
秩序,1
紊乱,1
芜湖,1
设计师,1
台马,1
后量,1
价均,1
租户,1
现身,1
恒大高,1
管保,1
专题会议,1
已开,1
憔悴,1
日晚,1
专题,1
出席,1
图,1
公安,1
微博号,1
小编,1
操作失误,1
错发,1
第四次,1
深铁,1
提请,1
授权,1
三天,1
第三日,1
陆家嘴,1
资产重组,1
京深,1
杭,1
虞城,1
三分之一,1
三轮,1
五轮,1
浙,1
达成,1
合作意向,1
商丘,1
四城土,1
揭晓,1
亿超,1
市值,1
暴增,1
京杭,1
四城,1
50578,1
房企热议,1
安排,1
多种,1
房企纾困,1
华融,1
信达,1
接续,1
完成率,1
推年,1
尾,1
加场,1
企有,1
224,1
779,1
周二,1
涨停,1
降降,1
发出,1
骨折,1
工行,1
意向性,1
6500,1
荆门,1
严禁,1
形式,1
价格战,1
数千,1
宁县,1
税率,1
可售,1
房价格,1
优,1
追逐,1
众,1
激励,1
房企再,1
已近,1
千亿元,1
187,1
协商,1
还本付息,1
投资信托,1
一视同仁,1
受困,1
攀枝花,1
一体化,1
可回,1
一站,1
预看,1
带验,1
房师,1
主管部门,1
部署,1
市场主体,1
监测,1
两千,1
一策,1
长效机制,1
有序,1
区无房,1
基础,1
顺义区,1
430,1
多难,1
光有,1
再降,1
打通,1
中西部,1
更高,1
房来,1
坐,1
售量,1
1505,1
化债,1
预警,1
力稳,1
东风,1
入住率,1
达标,1
新房网,1
1246,1
感知,1
迥异,1
七天,1
层级,1
进一步提高,1
113945,1
盖楼,1
房企终,1
等到,1
库,1
内三大,1
招招,1
解渴,1
代管,1
移交,1
出具,1
卡脖子,1
股,1
强心剂,1
拉满,1
房股,1
涨超,1
两倍,1
恒大拟,1
总部,1
前往,1
勘查,1
交易平台,1
4422,1
终结,1
双十,1
生态,1
图谱,1
再添,1
双限,1
有刚,1
需盘,1
拉长,1
喜提,1
后悔,1
卖早,1
台湖,1
马驹桥,1
从容,1
图文,1
无关,1
标注,1
地段,1
移花接木,1
热问,1
借名,1
第五,1
12598,1
428,1
复建,1
抚州,1
万元户,1
验房,1
师成,1
职业,1
契机,1
陇县,1
在建,1
存入,1
房山,1
近三年,1
停水,1
抢房,1
竟然,1
没选,1
两套,1
单价,1
11229,1
成土,1
常客,1
中债,1
增进,1
渡过,1
难关,1
十余家,1
债券市场,1
信,1
薪酬,1
发不出,1
工资,1
企事业,1
市区,1
京楼,1
卖出,1
2761,1
料,1
海淀,1
今典,1
花园,1
楼流,1
534,1
小房,1
登场,1
失守,1
降超,1
抢夺,1
客源,1
各房,1
态度,1
系列,1
卸任,1
重挫,1
缘由,1
留不住,1
陈序平,1
万可,1
竟是,1
中等城市,1
大城市,1
南山区,1
154,1
元平,1
咋算,1
阜新,1
咋样,1
偷换,1
中融,1
共管,1
保险柜,1
锁,1
芯,1
划走,1
广西北海,1
自贡,1
已降,1
下旬,1
1587,1
抄底,1
一大批,1
7378,1
掀一波,1
第三季度,1
99380,1
城均,1
八连,1
降创,1
崩盘,1
江西省,1
十组,1
赴,1
争夺战,1
特定条件,1
单日,1
居到,1
新刚,1
拿下,1
184,1
手拉手,1
居住用地,1
多宗,1
商改,1
七折,1
2037,1
东三环,1
韶关,1
农业,1
专属,1
河西,1
城南,1
江北,1
亿城,1
投,1
黑龙江,1
五常,1
购置,1
沈,1
高校,1
白沟,1
本区,1
税额,1
585,1
反哺,1
已成,1
价格指数,1
低价房,1
嵩县,1
安化,1
高于,1
享,1
同等,1
回笼资金,1
地首,1
速看,1
太贵,1
贷先,1
掏,1
包装费,1
季度,1
蓉,1
抗跌,1
此次,1
放水,1
十一,1
郏县,1
供地房,1
企拿地,1
团,1
新宠,1
战况,1
济宁,1
翻番,1
西藏,1
拉萨,1
房建,1
市政,1
复产,1
存,1
法律,1
最多,1
地铁站,1
酸菜鱼,1
进,1
九毛,1
九,1
亿买楼,1
收银,1
轮番,1
安居工程,1
亿多,1
个人所得税,1
下探,1
三条,1
银十可期,1
发三,1
大楼,1
税务总局,1
征管,1
缴个,1
城迎,1
现刚,1
坑来,1
八月,1
八个,1
1018,1
互助,1
合计,1
127,1
揽金,1
高标准,1
创史,1
升息,1
会破,1
强度,1
隐现,1
收储,1
梧州,1
中华,1
68,1
竞得,1
松江,1
广富林,1
2503,1
抢人,1
招零,1
管道,1
堵塞,1
受损,1
判决,1
楼上,1
赔起,1
金华,1
东营,1
便捷,1
高效,1
庆阳,1
单将,1
效率,1
冲上,1
搜多地,1
流程,1
微升,1
安康,1
央地,1
联手,1
多管齐下,1
政策性,1
立,1
军令状,1
并行,1
广元,1
城二,1
防城港,1
商转,1
公免,1
自筹,1
可带,1
时日,1
智慧,1
搭建,1
始终,1
按间,1
好处,1
户口,1
新都区,1
辟谣,1
救助,1
六条,1
启幕,1
VR,1
条款,1
无效,1
袭,1
抢跑,1
河南省,1
短期内,1
闽系,1
撑起,1
一场,1
征程,1
金九,1
来超,1
邢台,1
推车,1
位贷,1
483,1
拟发,1
694,1
资金投入,1
33,1
十会,1
连缴,1
或个,1
拟于,1
在城镇,1
品牌价值,1
十要,1
客两,1
万后,1
入手,1
第三套,1
金九会,1
如期,1
理想,1
零配件,1
质检,1
造谣,1
司法程序,1
85870,1
越来越,1
拉升,1
印章,1
中原,1
证券,1
弱,1
路上,1
转凉,1
房变身,1
托起,1
安居梦,1
诸暨,1
基准,1
下浮,1
以内,1
知情,1
中低收入者,1
住房问题,1
1244,1
城将,1
650,1
常住人口,1
城镇化率,1
6472,1
任务量,1
很大,1
复活,1
鬼城,1
康巴,1
什,1
过万,1
13234,1
亿主播,1
地产商,1
五环,1
委员会,1
居委会,1
代签,1
中秋,1
国开行,1
签订,1
潍坊,1
376,1
林毅夫,1
投机,1
祭出,1
多孩享,1
车里,1
中长期,1
茶陵县,1
向恒大,1
下达,1
迟来,1
五大,1
常德,1
瘦身,1
参会,1
淮南市,1
凤冈县,1
生命科学,1
商务,1
德州,1
召集,1
房企开,1
吹风会,1
大干,1
双辽市,1
房企高管,1
打气,1
至暗,1
时刻,1
房企静,1
转暖,1
对待,1
机会,1
强房,1
甩货,1
新一波,1
微跌,1
信仰,1
打破,1
房里,1
云浮,1
单人,1
期末,1
科学,1
可否,1
看似,1
供少,1
开盲,1
有没有,1
拐点,1
罗山县,1
乡镇,1
帮多地,1
02,1
三问,1
频引,1
争议,1
不易,1
高房价,1
量价,1
龙港,1
集体经济,1
成员,1
自贸区,1
最具,1
462,1
房企仅,1
都市,1
互认,1
互贷,1
首例,1
提存,1
免赎楼,1
富阳,1
套及,1
赛道,1
行,1
增幅,1
中型,1
先验,1
房后,1
买房者,1
安心,1
一平方米,1
清清楚楚,1
地下室,1
露台,1
被判,1
仅仅,1
重申,1
判断,1
办法,1
生火,1
取暖,1
启航,1
马鞍山,1
1177,1
1055,1
提前完成,1
棚户区,1
首获,1
兴庆区,1
可领,1
假消息,1
重罚,1
写入,1
地土,1
制会,1
列为,1
上报,1
妻子,1
婚前,1
分给,1
丈夫,1
威海,1
福安,1
透明,1
高得,1
辨别,1
老楼,1
装,1
摊,1
专家建议,1
不香,1
逐步回归,1
功能,1
阳光,1
令,1
6082,1
亿相寓,1
长治,1
该市,1
超十城,1
多样性,1
增值,1
利用,1
一客,1
摆摊,1
求租,1
渐次,1
重镇,1
出大招,1
萍乡,1
日期,1
每套,1
一次性,1
购房款,1
里,1
拍房,1
便宜,1
截至,1
摆烂,1
拆解,1
几大,1
关键因素,1
手机,1
房证,1
沈阳市,1
提交,1
材料,1
营造,1
一流,1
营商,1
今日,1
安家费,1
定州,1
淮北,1
宝能,1
上架,1
世纪,1
平安,1
碗,1
羹,1
实体,1
频传,1
减负,1
化学,1
不及,1
充足,1
当天,1
可至,1
远郊区,1
普跌,1
定向,1
报名,1
天帮,1
收稻,1
谷子,1
金控,1
受托,1
总面积,1
长沙县,1
暗区,1
围栏,1
稳市,1
关键在于,1
贷成,1
高管,1
过程,1
昆山,1
太仓,1
无须,1
垫付,1
查实,1
故意,1
平等,1
何去何从,1
有限,1
870,1
倡议书,1
倡议,1
实际行动,1
到手,1
规范化,1
大势,1
两宗,1
3395,1
橡皮泥,1
拆盲,1
房能,1
竞拍,1
前要,1
功课,1
报案,1
杠杆,1
05,1
配租公,1
未成年,1
照顾,1
杭州市区,1
1568,1
亩,1
湖州,1
单笔,1
数字化,1
大势所趋,1
韧性,1
财汇局,1
账目,1
审计,1
需从何,1
情侣,1
打造,1
统计局,1
64,1
只公募,1
品种,1
发售,1
1200,1
翘首以盼,1
底层,1
切换,1
至资管,1
谈保交楼,1
具备条件,1
独家,1
面世,1
半天,1
预测,1
最深,1
既有,1
用途,1
长春,1
应降,1
未降,1
跌宕,1
几年,1
坐镇,1
回击,1
无差别,1
做空,1
有北,1
漂客,1
750,1
交易所,1
竞报,1
新余,1
余套,1
优抚对象,1
退役军人,1
幅待,1
本月,1
无人问津,1
连云港,1
最高额,1
吃,1
定心丸,1
套空,1
盘纾困,1
大幕,1
拉开,1
资不抵债,1
终将,1
末路,1
涉竞,1
重新启动,1
牵着鼻子,1
明显提高,1
勒住,1
险房,1
前景,1
规向,1
地保,1
放心,1
扩围,1
一老,1
一小,1
新晋,1
社会,1
华夏,1
REIT,1
准予,1
白皮书,1
层高,1
诉,1
647,1
全面实施,1
定位,1
追捧,1
传统,1
淡季,1
加赠,1
遗嘱,1
定,1
继承人,1
33932,1
年前,1
有机,1
更新,1
动,1
房试,1
半租,1
半买,1
旺季,1
千万美元,1
难住,1
多笔,1
九折,1
桑拿天,1
诚意,1
七,1
企进,1
财富,1
世界,1
强恒大融,1
置,1
出榜,1
四川省,1
宁南县,1
养蚕,1
烤烟,1
闽系房,1
消失,1
高光时,1
曾达,1
停滞,1
央企占,1
主导,1
南京市,1
房产局,1
传闻,1
系不实,1
转增,1
冯小刚,1
肖像,1
侵权,1
请,1
交行,1
拆迁,1
止涨,1
473,1
京津冀,1
小涨,1
守信,1
签订合同,1
履行,1
沧州,1
潜山,1
退出,1
宅基地,1
区三孩,1
医护人员,1
平方,1
两部委,1
病,1
院子,1
殴打,1
1354,1
1259,1
780,1
负担,1
加力,1
利企,1
教改,1
后德胜,1
老破,1
没人,1
名校,1
土木,1
投档线,1
危机感,1
现新,1
回老家,1
湟中,1
牵手,1
央企试,1
合伙人,1
国有,1
53772,1
非国有,1
695,1
人数,1
已达,1
亿人,1
楼面,1
率均,1
央,1
因多收,1
试水,1
川,1
渝,1
179,1
房企宝龙,1
宣告,1
依旧,1
扫描,1
县域,1
情况汇报,1
堵住,1
漏洞,1
回到,1
967,1
体制,1
录用,1
玉林,1
承德,1
自住型,1
同价,1
教师,1
轮岗,1
重锤,1
扣除,1
征迁,1
畅通,1
两类,1
产业链,1
存单,1
惊雷,1
致夏海钧,1
辞职,1
皇帝,1
拿走,1
供应商,1
正确,1
方法,1
两市,1
面值,1
以房,1
稳赚,1
大王,1
炒房,1
曹德旺,1
老家,1
福清,1
膨胀,1
衰退,1
解密,1
隐秘,1
单程,1
99,1
咸阳,1
提出,1
一对一,1
帮扶,1
放弃,1
房地产热,1
房企商票,1
设立,1
买下,1
存续,1
最优,1
预增,1
政府部门,1
深企版,1
减缓,1
成房,1
巩义市,1
拟将,1
3785,1
撤牌,1
4895,1
209,1
接手,1
万泓,1
横琴,1
科学城,1
首栋,1
封顶,1
要挟,1
缴费,1
杀手锏,1
农村,1
厘清,1
稳定器,1
重拾,1
果断,1
交出,1
字,1
华夏银行,1
媒体报道,1
规模较,1
数,1
66072,1
刚刚,1
增量,1
樾,1
伴山,1
施工,1
发现,1
优等生,1
数智化,1
海德,1
B,1
进度,1
保质保量,1
农行,1
兴业,1
多系,1
举,1
困局,1
压实,1
数百个,1
几人,1
入,1
城发,1
已到,1
盘遭,1
该不该,1
源头,1
大手笔,1
落槌,1
资源,1
住房供给,1
6100,1
张艺谋,1
其妻,1
急售,1
转负,1
悄然,1
疯狂,1
加息,1
数百美元,1
吉林长春,1
明发,1
董事局,1
黄焕明,1
因病,1
鲁商,1
首家,1
物管,1
十可期,1
来回,1
注销,1
地方军,1
成拿地,1
建发们,1
城一人,1
帮有,1
低温,1
重心,1
驶入,1
快车道,1
房企由,1
服务商,1
V,1
形,1
71,1
需多措,1
翻越,1
中信,1
深圳湾,1
净地,1
待解,1
指南,1
百公里,1
产业基地,1
350,1
释,1
增高,1
考,1
税款,1
限时,1
事故,1
维修,1
每次,1
上次,1
瓷砖,1
掉落,1
整修,1
有余,1
清场,1
现日,1
光盘,1
汉中,1
盘点,1
微幅,1
拟出,1
奇招,1
迭出,1
3498,1
海曙,1
价格调整,1
海曙房票,1
可购,1
躁动,1
土地交易,1
哪城,1
哪家,1
房企储,1
解禁,1
跑量,1
期中考,1
第三次,1
大部分,1
句容,1
当年,1
拎,1
现金,1
追回,1
涌入,1
逃离,1
隐忧,1
切忌,1
病急乱投医,1
停车,1
占用,1
计容,1
降近,1
015,1
落幕,1
半数,1
竞价,1
企狂,1
聘任,1
立信德豪,1
核数师,1
公司股票,1
125,1
供电,1
纷争,1
钻石,1
难因,1
存疑,1
渐入,1
酒店,1
看上去,1
很,1
美,1
农产品,1
限跌令,1
千间,1
掀开,1
遮羞布,1
不放过,1
违规者,1
轮,1
每斤,1
可抵,1
188,1
更换,1
财务人员,1
衔接,1
3698,1
消除,1
争推,1
平,1
对三孩,1
分析,1
称房,1
山,1
房企和物管,1
人均,1
居住面积,1
初婚,1
推后,1
迷你,1
趁机,1
地发,1
咸宁,1
不收,1
蒜,1
唱主角,1
零关税,1
进口,1
减税,1
非京籍,1
泉州市,1
咸宁市,1
怎么回事,1
八,1
成果,1
丰硕,1
空前,1
再发,1
可多,1
发房票,1
广东省,1
佛山市,1
三水区,1
闯,1
关,1
首年,1
省份,1
淮安,1
顶尖,1
急需,1
加盟,1
跳单,1
判赔,1
破解,1
局限,1
上楼,1
成新,1
先息,1
本前,1
没降,1
直面,1
苹果,1
拿出,1
就要,1
全筐,1
内江,1
企在,1
454,1
25306,1
10002000,1
天誉,1
内须,1
本息,1
解封,1
追,1
可能性,1
天内,1
忙于,1
赋红码,1
房企是,1
236,1
结构,1
文本,1
蓝皮书,1
第二个,1
链,1
非法,1
套现,1
暗含,1
买套,1
几种,1
盐,1
城楼,1
某长,1
龙头企业,1
陷涨,1
信任,1
可开,1
征缴,1
区分,1
亏,1
元新盘,1
深圳网,1
红,1
曾造,1
摇,1
掀打,1
新潮,1
143,1
调高摇号,1
入围,1
办税,1
便利化,1
一窗,1
微调,1
路,1
赶走,1
租客,1
城镇人口,1
乡村人口,1
充裕,1
房财,1
两空,1
余人,1
踩,1
雷,1
数亿,1
打水漂,1
省直,1
管理中心,1
中以,1
涉诈,1
隐患,1
安庆,1
24000,1
8789,1
西宁,1
未见,1
明显好转,1
银行利率,1
向下,1
总成交,1
8347,1
外债,1
1800,1
邵阳,1
配偶,1
补齐,1
短板,1
同日,1
潮州,1
户籍地,1
被控,1
住宿,1
误导,1
澳大利亚,1
爱彼迎,1
聊城,1
南充,1
方觉,1
山头,1
大业,1
务实,1
386,1
危及,1
公共安全,1
快查,1
市场供应,1
呼和浩特,1
近年,1
停车位,1
网上,1
联办,1
女,1
车主,1
所在,1
屡次,1
起纠纷,1
固定,1
堵车,1
位,1
停车难,1
秦皇岛,1
双缴,1
闵行区,1
浦锦,1
触顶,1
须,1
因地制宜,1
滁州,1
已婚,1
18000,1
三区,1
临汾,1
喊话,1
城中村,1
直系亲属,1
可用,1
帮付,1
奥园,1
匿名,1
指控,1
否认,1
区内,1
查验,1
阳光城,1
紧张,1
足额,1
房企引战,1
落,1
一锤,1
河南省政府,1
接盘,1
2901,1
480,1
等级,1
危房,1
经营者,1
追究,1
法律责任,1
松紧,1
资金分配,1
136,1
深圳市,1
1746,1
众多,1
硬通货,1
购买者,1
蜂拥,1
跑腿,1
助企,1
降本增效,1
住宅区,1
广田,1
绿城,1
拒付,1
系统,1
误操作,1
妥善解决,1
西城区,1
通报,1
自如,1
控,1
含,1
新型,1
实用,1
600,1
深交所,1
问询,1
函,1
具备,1
足够,1
偿付能力,1
公贷,1
差异化,1
融都瑞业,1
业务联系,1
亿从,1
赌,1
王之女,1
手里,1
买楼,1
羊绒,1
之王,1
时尚,1
算盘,1
全免,1
外加,1
夜光,1
跑道,1
绿化,1
葛洲坝,1
紫郡兰园,1
回收,1
装饰,1
低碳,1
技术,1
揭牌,1
遵义市,1
国办,1
时间,1
双碳,1
找准,1
局点,1
易主,1
不顺,1
房企绿景,1
面子,1
里子,1
内外,1
兼修,1
这不比,1
赚钱,1
挡不住,1
这届,1
渐趋,1
放盘,1
猛增,1
韩系车,1
跌至,1
工厂,1
停产,1
吹响,1
集结,1
瞬间,1
睡意,1
感慨,1
难卖,1
中山市,1
国管,1
唐山市,1
镇江,1
普通住宅,1
麦田,1
0233,1
本期,1
455,1
第一次,1
老年人,1
国资委,1
承租,1
个体户,1
提额,1
助企纾困,1
共渡难关,1
借给,1
年息,1
激增,1
压顶,1
空置房,1
4471,1
套公,1
勿,1
操之过急,1
统筹兼顾,1
上策,1
现三大,1
特征,1
步入,1
更多非,1
申贷,1
青年人,1
炼成,1
湘潭,1
拥有,1
按首,1
267,1
购入,1
何超琼,1
苏,1
河湾,1
福利,1
两卖,1
官司,1
终审,1
被判赔,1
经开区,1
稳妥,1
拿捏,1
清晰,1
拂面,1
颁,1
两调,1
考量,1
五日,1
直言,1
离谱,1
空置,1
痛点,1
黄了,1
官宣文,1
池州,1
省内,1
大比拼,1
立省,1
三万,1
供族,1
大红包,1
不算,1
宣首,1
山东省,1
泰安市,1
组合,1
阜阳市,1
村级,1
留用,1
多来,1
申领,1
居住证,1
圈中,1
培育,1
公办,1
天价,1
略涨,1
这几地,1
生娃,1
竞买,1
宿州,1
华南城,1
救困,1
另一家,1
房企静待,1
2529,1
泰州,1
集团化,1
选址,1
问,1
六地,1
近郊区,1
供给,1
小心,1
295,1
买首,1
商业性,1
可多房,1
滨湖,1
留下来,1
在校,1
供求,1
舟山,1
东方,1
雨虹,1
卫国,1
尊严,1
起点,1
广州地区,1
未付,1
致歉,1
零散,1
扭转,1
观望,1
逐鹿,1
碳中,1
保障体系,1
可线,1
宽限期,1
房企回,1
血,1
归母,1
三明,1
梁溪区,1
模范生,1
出租,1
回复,1
巨亏系,1
投资性,1
公允,1
预估,1
差异,1
已至,1
基准线,1
裁员,1
内部,1
产研,1
低息,1
套利,1
禁而不止,1
可降,1
当心,1
三限房,1
基调,1
建设工程,1
封闭式,1
建筑工人,1
实名制,1
一顶,1
豪自降,1
1700,1
万才,1
爆雷,1
P2P,1
小牛,1
融创拟,1
冰雪,1
文旅城,1
洽谈,1
小动作,1
权,1
扬州,1
越南,1
事情,1
简单,1
成都市,1
转弱,1
末,1
5322,1
声,1
新华,1
述评,1
加班,1
平直,1
降上,1
千元,1
341,1
008,1
较弱,1
一行,1
鼓舞士气,1
拍地,1
梅州,1
展销会,1
乐山,1
大悦,1
掉队,1
达州,1
第二套,1
可视,1
简称,1
变为,1
包揽,1
块,1
1933,1
惠阳区,1
五限,1
发钱,1
两条,1
政治局,1
限贷,1
跨省,1
1196,1
黑,1
首届,1
大国,1
工匠,1
交流,1
大会,1
造富,1
市场占有率,1
利润率,1
这地,1
卫健委,1
坐不住,1
居高不下,1
超一成,1
海绵,1
内涝,1
1340,1
获超,1
频繁,1
跑步,1
进场,1
急救,1
1669,1
推动力,1
如火如荼,1
喜欢,1
吸金,1
827,1
傲视群雄,1
你家,1
南通市,1
通州区,1
辣眼,1
野蛮,1
生长,1
漩涡,1
深处,1
漏,1
预盈,1
家家,1
一本,1
难念,1
成品,1
暖心,1
试探,1
单方,1
小区业主,1
有权,1
265,1
宗触,1
顶摇号,1
仍为,1
月度,1
放缓,1
大盘,1
创纪录,1
单套,1
三百万元,1
疲软,1
受阻,1
因城施,1
策料,1
07,1
退租,1
遗留,1
物品,1
视频,1
侵犯,1
隐私,1
三层,1
两层,1
说好,1
反,1
警告,1
温暖,1
冒用,1
下载,1
APP,1
扩产,1
157,1
研判,1
延后,1
现金流,1
下拿地,1
货值,1
缩减,1
一百多个,1
外围,1
跨越式,1
押注,1
物流,1
营,1
收获,1
物业公司,1
公司业绩,1
174,1
邮储,1
对受,1
报送,1
委,1
着力,1
地图,1
采用,1
已破,1
第二天,1
超额,1
押金,1
提倡,1
收租,1
三高,1
迎新生,1
迈出,1
一步,1
副总经理,1
魏莉,1
双开,1
传导,1
打开,1
降为,1
卷土重来,1
民生银行,1
998,1
轮候,1
冻结,1
热炒,1
后稳,1
主题,1
套住,1
两代,1
证实,1
周转,1
对公,1
亮出,1
城现,1
清明,1
不良,1
计划供应,1
3579,1
306,1
萧山,1
白馆,1
安家,1
升,1
亮点,1
改成,1
影棚,1
上万,1
房企较,1
去年同期,1
269,1
机遇,1
低谷,1
中长贷,1
环,1
比降,1
118,1
李嘉诚,1
首富,1
身家,1
1355,1
套环,1
比增,1
255,1
爽约,1
困长,1
赚慢,1
制造业,1
看齐,1
分行,1
行长,1
送房,1
虽未,1
火,1
3373,1
抢购,1
暂未,1
续降,1
举债,1
会降,1
前向,1
三次,1
工程质量,1
投诉,1
关店,1
宜家,1
市场策略,1
神话,1
翻篇,1
展翔们,1
越来越少,1
观,1
亟待,1
刷新,1
房企今,1
因未,1
偏弱,1
年销售额,1
社区,1
天通苑,1
457,1
洗大澡,1
会上,1
总裁,1
三点,1
解释,1
审议,1
过高,1
二审,1
日趋,1
明起,1
自查,1
绿码,1
半小时,1
通用,1
中资,1
252,1
天在,1
南热北,1
闽东,1
闹,1
乌龙,1
两万多名,1
忽悠,1
没人住,1
用水,1
为啥,1
还要,1
水费,1
遇上,1
N,1
招式,1
张,1
罚单,1
SOHO,1
115,1
两吨,1
垃圾,1
精装,1
重装,1
浪费,1
令人,1
触目惊心,1
寻求,1
孙宏斌,1
废限售,1
令超,1
城稳,1
运河,1
哈尔滨市,1
或于,1
年度报告,1
134,1
存款,1
强制执行,1
恒,1
大系,1
